<toolSet name="External Tools">
  <tool name="kotlinc" description="kotlin compiler" showInMainMenu="false" showInEditor="false" showInProject="false" showInSearchPopup="false" disabled="false" useConsole="true" showConsoleOnStdOut="true" showConsoleOnStdErr="true" synchronizeAfterRun="true">
    <exec>
      <option name="COMMAND" value="/opt/homebrew/Cellar/kotlin/2.0.10/bin/kotlinc" />
      <option name="PARAMETERS" value="$FilePath$ -include-runtime -d $FileDir$/$FileNameWithoutAllExtensions$.jar" />
      <option name="WORKING_DIRECTORY" value="$FileDir$" />
    </exec>
  </tool>
  <tool name="java run" showInMainMenu="false" showInEditor="false" showInProject="false" showInSearchPopup="false" disabled="false" useConsole="true" showConsoleOnStdOut="false" showConsoleOnStdErr="false" synchronizeAfterRun="true">
    <exec>
      <option name="COMMAND" value="/usr/bin/java" />
      <option name="PARAMETERS" value="-jar $FileDir$/$FileNameWithoutAllExtensions$.jar" />
      <option name="WORKING_DIRECTORY" value="$FileDir$" />
    </exec>
  </tool>
</toolSet>