<application>
  <component name="BuildProcessSatisfactionSurveyStore">
    <option name="daysWithGradleBuilds" value="2" />
    <option name="firstKotlinGradleBuildTime" value="1723124673" />
    <option name="lastKotlinGradleBuildTime" value="1723560942" />
    <option name="nextCountedGradleBuild" value="1723633723" />
  </component>
  <component name="KotlinNewUserTracker">
    <option name="firstKtFileOpened" value="1723123824" />
    <option name="lastKtFileOpened" value="1723567011" />
    <option name="newKtUserSince" value="1723123824" />
  </component>
</application>