<application>
  <component name="BuildProcessSatisfactionSurveyStore">
    <option name="daysWithGradleBuilds" value="1" />
    <option name="firstKotlinGradleBuildTime" value="1723124673" />
    <option name="lastKotlinGradleBuildTime" value="1723170387" />
    <option name="nextCountedGradleBuild" value="1723211073" />
  </component>
  <component name="KotlinNewUserTracker">
    <option name="firstKtFileOpened" value="1723123824" />
    <option name="lastKtFileOpened" value="1723171809" />
    <option name="newKtUserSince" value="1723123824" />
  </component>
</application>