<application>
  <component name="BuildProcessSatisfactionSurveyStore">
    <option name="daysWithGradleBuilds" value="3" />
    <option name="firstKotlinGradleBuildTime" value="1723124673" />
    <option name="lastKotlinGradleBuildTime" value="1723647201" />
    <option name="nextCountedGradleBuild" value="1723730164" />
  </component>
  <component name="KotlinNewUserTracker">
    <option name="firstKtFileOpened" value="1723123824" />
    <option name="lastKtFileOpened" value="1723649687" />
    <option name="newKtUserSince" value="1723123824" />
  </component>
</application>