<application>
  <component name="ProjectManager">
    <defaultProject>
      <component name="PropertiesComponent"><![CDATA[{
  "keyToString": {
    "settings.editor.selected.configurable": "preferences.lookFeel"
  }
}]]></component>
      <component name="VcsDirectoryMappings" defaultProject="true" />
      <component name="WindowStateProjectService">
        <state x="295" y="111" key="SettingsEditor" timestamp="1723199413551">
          <screen x="0" y="38" width="1512" height="944" />
        </state>
        <state x="295" y="111" key="SettingsEditor/0.38.1512.944" timestamp="1723199413551" />
      </component>
    </defaultProject>
  </component>
</application>