<application>
  <component name="Trusted.Paths">
    <option name="TRUSTED_PROJECT_PATHS">
      <map>
        <entry key="$USER_HOME$/Code/Germa" value="true" />
        <entry key="$USER_HOME$/Code/coco" value="true" />
        <entry key="$USER_HOME$/IdeaProjects/Zookeeper (Kotlin)" value="true" />
        <entry key="$USER_HOME$/Library/Caches/JetBrains/IdeaIC2024.2/demo/IdeaLearningProject" value="true" />
        <entry key="$USER_HOME$/Library/Caches/JetBrains/IdeaIC2024.2/demo/KotlinLearningProject" value="true" />
      </map>
    </option>
  </component>
</application>