<application>
  <component name="DimensionService">
    <location key="find.popup.0.0.3024.1964@192dpi" x="1040" y="296" />
    <size key="GridCell.Tab.0.left.0.0.3024.1964@192dpi" width="2892" height="556" />
    <size key="GridCell.Tab.0.center.0.0.3024.1964@192dpi" width="2892" height="556" />
    <size key="GridCell.Tab.0.right.0.0.3024.1964@192dpi" width="2892" height="556" />
    <size key="GridCell.Tab.0.bottom.0.0.3024.1964@192dpi" width="2892" height="556" />
    <size key="find.popup.0.0.3024.1964@192dpi" width="1298" height="1668" />
    <size key="GridCell.Tab.1.left.0.0.3024.1964@192dpi" width="2892" height="556" />
    <size key="GridCell.Tab.1.center.0.0.3024.1964@192dpi" width="2892" height="556" />
    <size key="GridCell.Tab.1.right.0.0.3024.1964@192dpi" width="2892" height="556" />
    <size key="GridCell.Tab.1.bottom.0.0.3024.1964@192dpi" width="2892" height="556" />
  </component>
  <component name="WindowManager">
    <frame x="0" y="38" width="1512" height="944" extendedState="6" />
  </component>
  <component name="WindowStateApplicationService">
    <state width="300" height="300" key="Vcs.CompareWithSelectedRevision.Popup" timestamp="1723170135788">
      <screen x="0" y="38" width="1512" height="944" />
    </state>
    <state width="300" height="300" key="Vcs.CompareWithSelectedRevision.Popup/0.38.1512.944" timestamp="1723170135788" />
    <state x="756" y="468" width="1010" height="699" key="WELCOME_SCREEN" timestamp="1723649496102">
      <screen x="0" y="38" width="1512" height="944" />
    </state>
    <state x="756" y="468" width="1010" height="699" key="WELCOME_SCREEN/0.38.1512.944" timestamp="1723649496102" />
    <state x="499" y="397" key="ide.config.custom.settings" timestamp="1723649116591">
      <screen x="0" y="38" width="1512" height="944" />
    </state>
    <state x="499" y="397" key="ide.config.custom.settings/0.38.1512.944" timestamp="1723649116591" />
    <state x="356" y="132" width="827" height="755" key="new project wizard" timestamp="1723649512475">
      <screen x="0" y="38" width="1512" height="944" />
    </state>
    <state x="356" y="132" width="827" height="755" key="new project wizard/0.38.1512.944" timestamp="1723649512475" />
  </component>
</application>