<keymap version="1" name="Masterpowers" parent="Mac OS X 10.5+">
  <action id="$Redo">
    <keyboard-shortcut first-keystroke="shift meta z" />
  </action>
  <action id="AceAction" />
  <action id="AceLineAction" />
  <action id="AceTargetAction" />
  <action id="ActivateBookmarksToolWindow">
    <keyboard-shortcut first-keystroke="meta f3" />
  </action>
  <action id="ActivateBuildToolWindow">
    <keyboard-shortcut first-keystroke="alt b" />
  </action>
  <action id="ActivateCommitToolWindow">
    <keyboard-shortcut first-keystroke="meta f2" />
  </action>
  <action id="ActivateDebugToolWindow">
    <keyboard-shortcut first-keystroke="alt d" />
  </action>
  <action id="ActivateDeviceExplorerToolWindow">
    <keyboard-shortcut first-keystroke="meta f7" />
  </action>
  <action id="ActivateDeviceManager2ToolWindow">
    <keyboard-shortcut first-keystroke="meta f9" />
  </action>
  <action id="ActivateFindToolWindow">
    <keyboard-shortcut first-keystroke="alt f" />
  </action>
  <action id="ActivateGradleToolWindow">
    <keyboard-shortcut first-keystroke="meta f11" />
  </action>
  <action id="ActivateKeyPromoterXToolWindow">
    <keyboard-shortcut first-keystroke="meta f10" />
  </action>
  <action id="ActivateLogcatToolWindow">
    <keyboard-shortcut first-keystroke="alt e" />
  </action>
  <action id="ActivateNotificationsToolWindow">
    <keyboard-shortcut first-keystroke="meta f12" />
  </action>
  <action id="ActivateProblemsViewToolWindow">
    <keyboard-shortcut first-keystroke="alt p" />
  </action>
  <action id="ActivateProjectToolWindow">
    <keyboard-shortcut first-keystroke="meta f1" />
  </action>
  <action id="ActivatePullRequestsToolWindow">
    <keyboard-shortcut first-keystroke="meta f5" />
  </action>
  <action id="ActivateResourcesExplorerToolWindow">
    <keyboard-shortcut first-keystroke="meta f4" />
  </action>
  <action id="ActivateRunToolWindow">
    <keyboard-shortcut first-keystroke="alt r" />
  </action>
  <action id="ActivateRunningDevicesToolWindow">
    <keyboard-shortcut first-keystroke="meta f8" />
  </action>
  <action id="ActivateServicesToolWindow">
    <keyboard-shortcut first-keystroke="alt s" />
  </action>
  <action id="ActivateStructureToolWindow" />
  <action id="ActivateTerminalToolWindow">
    <keyboard-shortcut first-keystroke="meta back_quote" />
  </action>
  <action id="ActivateVersionControlToolWindow">
    <keyboard-shortcut first-keystroke="alt g" />
  </action>
  <action id="Activatedocumentation.v2ToolWindow">
    <keyboard-shortcut first-keystroke="f1" />
  </action>
  <action id="Android.Designer.CommonActions.ForceCompileAndRefreshActionForNotification">
    <keyboard-shortcut first-keystroke="shift alt b" />
  </action>
  <action id="Android.RunAndroidSdkManager">
    <keyboard-shortcut first-keystroke="shift f1" />
  </action>
  <action id="Android.SyncProject">
    <keyboard-shortcut first-keystroke="alt f3" />
  </action>
  <action id="AndroidConnectDebuggerAction">
    <keyboard-shortcut first-keystroke="alt f2" />
  </action>
  <action id="Back">
    <mouse-shortcut keystroke="button4" />
    <keyboard-shortcut first-keystroke="ctrl meta alt open_bracket" />
  </action>
  <action id="CallInlineCompletionAction" />
  <action id="ChangeSignature">
    <keyboard-shortcut first-keystroke="f4" />
  </action>
  <action id="ChangesView.AddUnversioned">
    <keyboard-shortcut first-keystroke="shift meta a" />
  </action>
  <action id="ChangesView.Rename">
    <keyboard-shortcut first-keystroke="f2" />
  </action>
  <action id="ChangesView.Revert">
    <keyboard-shortcut first-keystroke="shift meta u" />
  </action>
  <action id="CheckinFiles">
    <keyboard-shortcut first-keystroke="alt c" />
  </action>
  <action id="CheckinProject" />
  <action id="ChooseDebugConfiguration" />
  <action id="ChooseRunConfiguration">
    <keyboard-shortcut first-keystroke="shift meta r" />
  </action>
  <action id="ClearAllNotifications">
    <keyboard-shortcut first-keystroke="shift meta f12" />
  </action>
  <action id="CodeCompletion">
    <keyboard-shortcut first-keystroke="alt space" />
  </action>
  <action id="CollapseSelection" />
  <action id="Compare.Selected">
    <keyboard-shortcut first-keystroke="shift alt r" />
  </action>
  <action id="CompareTwoFiles" />
  <action id="Compile" />
  <action id="CompileDirty">
    <keyboard-shortcut first-keystroke="shift meta b" />
  </action>
  <action id="Compose.Live.Edit.ManualLiveEdit" />
  <action id="ContextRun">
    <keyboard-shortcut first-keystroke="meta r" />
  </action>
  <action id="CopyElement" />
  <action id="DebugClass" />
  <action id="DeviceAndSnapshotComboBox">
    <keyboard-shortcut first-keystroke="shift alt d" />
  </action>
  <action id="Diff.NextChange" />
  <action id="Diff.PrevChange" />
  <action id="Diff.ShowDiff">
    <keyboard-shortcut first-keystroke="shift meta y" />
  </action>
  <action id="Diff.ShowSettingsPopup" />
  <action id="EditSource">
    <keyboard-shortcut first-keystroke="meta down" />
  </action>
  <action id="EditSourceInNewWindow" />
  <action id="EditorAddCaretPerSelectedLine" />
  <action id="EditorCodeBlockEnd" />
  <action id="EditorCodeBlockEndWithSelection" />
  <action id="EditorCodeBlockStart" />
  <action id="EditorCodeBlockStartWithSelection" />
  <action id="EditorCompleteStatement">
    <keyboard-shortcut first-keystroke="shift meta enter" />
    <keyboard-shortcut first-keystroke="meta l" />
  </action>
  <action id="EditorContextInfo" />
  <action id="EditorCutLineEnd" />
  <action id="EditorDecreaseFontSizeGlobal" />
  <action id="EditorDuplicate" />
  <action id="EditorFocusGutter" />
  <action id="EditorIncreaseFontSizeGlobal" />
  <action id="EditorLeft">
    <keyboard-shortcut first-keystroke="left" />
  </action>
  <action id="EditorLineEnd" />
  <action id="EditorLineEndWithSelection" />
  <action id="EditorLineStart" />
  <action id="EditorLineStartWithSelection" />
  <action id="EditorMatchBrace" />
  <action id="EditorMoveToPageBottom" />
  <action id="EditorMoveToPageBottomWithSelection" />
  <action id="EditorMoveToPageTop" />
  <action id="EditorMoveToPageTopWithSelection" />
  <action id="EditorNextWord" />
  <action id="EditorNextWordWithSelection" />
  <action id="EditorPreviousWord" />
  <action id="EditorPreviousWordWithSelection" />
  <action id="EditorRight">
    <keyboard-shortcut first-keystroke="right" />
  </action>
  <action id="EditorScrollToCenter" />
  <action id="EditorShowGutterIconTooltip" />
  <action id="EditorTextEnd" />
  <action id="EditorTextEndWithSelection" />
  <action id="EditorTextStart" />
  <action id="EditorTextStartWithSelection" />
  <action id="EditorToggleCase">
    <keyboard-shortcut first-keystroke="alt u" />
  </action>
  <action id="EditorToggleColumnMode" />
  <action id="EmojiAndSymbols" />
  <action id="ExpressionTypeInfo" />
  <action id="ExternalJavaDoc" />
  <action id="ExternalSystem.ProjectRefreshAction">
    <keyboard-shortcut first-keystroke="f5" />
  </action>
  <action id="FileChooser.GotoDesktop" />
  <action id="FileChooser.NewFolder">
    <keyboard-shortcut first-keystroke="alt insert" />
  </action>
  <action id="FileChooser.TogglePathBar" />
  <action id="FileStructurePopup">
    <keyboard-shortcut first-keystroke="meta y" />
  </action>
  <action id="FindUsages" />
  <action id="FindUsagesInFile" />
  <action id="ForceRunToCursor" />
  <action id="ForceStepInto" />
  <action id="ForceStepOver" />
  <action id="Forward">
    <mouse-shortcut keystroke="button5" />
    <keyboard-shortcut first-keystroke="ctrl meta alt close_bracket" />
  </action>
  <action id="Generate">
    <keyboard-shortcut first-keystroke="meta k" />
  </action>
  <action id="Git.Ignore.File">
    <keyboard-shortcut first-keystroke="shift alt a" />
  </action>
  <action id="Git.Rename.Local.Branch">
    <keyboard-shortcut first-keystroke="f2" />
  </action>
  <action id="Git.Reword.Commit">
    <keyboard-shortcut first-keystroke="f2" />
  </action>
  <action id="GoToLastTab">
    <keyboard-shortcut first-keystroke="meta 0" />
  </action>
  <action id="GoToTab1">
    <keyboard-shortcut first-keystroke="meta 1" />
  </action>
  <action id="GoToTab2">
    <keyboard-shortcut first-keystroke="meta 2" />
  </action>
  <action id="GoToTab3">
    <keyboard-shortcut first-keystroke="meta 3" />
  </action>
  <action id="GoToTab4">
    <keyboard-shortcut first-keystroke="meta 4" />
  </action>
  <action id="GoToTab5">
    <keyboard-shortcut first-keystroke="meta 5" />
  </action>
  <action id="GoToTab6">
    <keyboard-shortcut first-keystroke="meta 6" />
  </action>
  <action id="GoToTab7">
    <keyboard-shortcut first-keystroke="meta 7" />
  </action>
  <action id="GoToTab8">
    <keyboard-shortcut first-keystroke="meta 8" />
  </action>
  <action id="GoToTab9">
    <keyboard-shortcut first-keystroke="meta 9" />
  </action>
  <action id="GotoAction">
    <keyboard-shortcut first-keystroke="shift space" />
  </action>
  <action id="GotoBookmark0" />
  <action id="GotoBookmark1" />
  <action id="GotoBookmark2" />
  <action id="GotoBookmark3" />
  <action id="GotoBookmark4" />
  <action id="GotoBookmark5" />
  <action id="GotoBookmark6" />
  <action id="GotoBookmark7" />
  <action id="GotoBookmark8" />
  <action id="GotoBookmark9" />
  <action id="GotoClass">
    <keyboard-shortcut first-keystroke="shift meta o" />
  </action>
  <action id="GotoDeclaration">
    <mouse-shortcut keystroke="meta button1" />
    <mouse-shortcut keystroke="Force touch" />
    <mouse-shortcut keystroke="button2" />
  </action>
  <action id="GotoFile">
    <keyboard-shortcut first-keystroke="meta p" />
  </action>
  <action id="GotoImplementation">
    <mouse-shortcut keystroke="meta alt button1" />
  </action>
  <action id="GotoLine" />
  <action id="GotoNextElementUnderCaretUsage" />
  <action id="GotoNextError" />
  <action id="GotoPrevElementUnderCaretUsage" />
  <action id="GotoPreviousError" />
  <action id="GotoSymbol">
    <keyboard-shortcut first-keystroke="meta o" />
  </action>
  <action id="GotoTest">
    <keyboard-shortcut first-keystroke="alt t" />
  </action>
  <action id="GotoTypeDeclaration">
    <mouse-shortcut keystroke="shift meta button1" />
  </action>
  <action id="HideActiveWindow">
    <keyboard-shortcut first-keystroke="shift escape" />
    <keyboard-shortcut first-keystroke="meta j" />
  </action>
  <action id="HideAllWindows">
    <keyboard-shortcut first-keystroke="f12" />
  </action>
  <action id="HighlightUsagesInFile" />
  <action id="IdeaVim.ReloadVimRc.reload">
    <keyboard-shortcut first-keystroke="shift f5" />
  </action>
  <action id="ImplementMethods" />
  <action id="Inline">
    <keyboard-shortcut first-keystroke="meta alt i" />
  </action>
  <action id="IntroduceFunctionalParameter" />
  <action id="JumpToLastWindow" />
  <action id="LocalHistory.ShowHistory">
    <keyboard-shortcut first-keystroke="shift meta y" />
  </action>
  <action id="MakeGradleModule">
    <keyboard-shortcut first-keystroke="alt f1" />
  </action>
  <action id="MakeModule">
    <keyboard-shortcut first-keystroke="alt f1" />
  </action>
  <action id="MaximizeToolWindow">
    <keyboard-shortcut first-keystroke="shift alt m" />
  </action>
  <action id="MethodHierarchy" />
  <action id="MinimizeCurrentWindow" />
  <action id="Move" />
  <action id="MoveLineDown">
    <keyboard-shortcut first-keystroke="shift alt down" />
    <keyboard-shortcut first-keystroke="shift meta j" />
  </action>
  <action id="MoveLineUp">
    <keyboard-shortcut first-keystroke="shift alt up" />
    <keyboard-shortcut first-keystroke="shift meta k" />
  </action>
  <action id="MoveStatementDown">
    <keyboard-shortcut first-keystroke="shift meta down" />
    <keyboard-shortcut first-keystroke="shift alt j" />
  </action>
  <action id="MoveStatementUp">
    <keyboard-shortcut first-keystroke="shift meta up" />
    <keyboard-shortcut first-keystroke="shift alt k" />
  </action>
  <action id="NewDir">
    <keyboard-shortcut first-keystroke="shift meta n" />
  </action>
  <action id="NewElement">
    <keyboard-shortcut first-keystroke="meta k" />
  </action>
  <action id="NewElementInMenuGroup">
    <keyboard-shortcut first-keystroke="meta n" />
  </action>
  <action id="NewScratchFile" />
  <action id="NextDiff">
    <keyboard-shortcut first-keystroke="shift alt close_bracket" />
    <keyboard-shortcut first-keystroke="meta j" />
  </action>
  <action id="NextEditorTab">
    <keyboard-shortcut first-keystroke="meta close_bracket" />
  </action>
  <action id="NextTab">
    <keyboard-shortcut first-keystroke="meta close_bracket" />
  </action>
  <action id="NextWindow" />
  <action id="OverrideMethods" />
  <action id="ParameterInfo" />
  <action id="Pause">
    <keyboard-shortcut first-keystroke="alt k" />
  </action>
  <action id="PinActiveEditorTab">
    <keyboard-shortcut first-keystroke="ctrl meta alt t" />
  </action>
  <action id="PinActiveTab">
    <keyboard-shortcut first-keystroke="ctrl meta alt t" />
  </action>
  <action id="PinActiveTabToggle">
    <keyboard-shortcut first-keystroke="ctrl meta alt t" />
  </action>
  <action id="PreviousDiff">
    <keyboard-shortcut first-keystroke="shift alt open_bracket" />
    <keyboard-shortcut first-keystroke="meta k" />
  </action>
  <action id="PreviousEditorTab">
    <keyboard-shortcut first-keystroke="meta open_bracket" />
  </action>
  <action id="PreviousTab">
    <keyboard-shortcut first-keystroke="meta open_bracket" />
  </action>
  <action id="PreviousWindow" />
  <action id="QuickImplementations" />
  <action id="QuickJavaDoc">
    <keyboard-shortcut first-keystroke="f1" />
    <mouse-shortcut keystroke="control button2" />
  </action>
  <action id="RecentChanges" />
  <action id="RecentLocations" />
  <action id="Refactorings.QuickListPopupAction">
    <keyboard-shortcut first-keystroke="f3" />
  </action>
  <action id="ReformatCode">
    <keyboard-shortcut first-keystroke="shift meta i" />
  </action>
  <action id="RenameElement">
    <keyboard-shortcut first-keystroke="f2" />
  </action>
  <action id="Replace">
    <keyboard-shortcut first-keystroke="meta h" />
  </action>
  <action id="ReplaceInPath">
    <keyboard-shortcut first-keystroke="shift meta h" />
  </action>
  <action id="Rerun" />
  <action id="RerunTests" />
  <action id="Resume">
    <keyboard-shortcut first-keystroke="alt k" />
  </action>
  <action id="Run" />
  <action id="RunAnything">
    <keyboard-shortcut first-keystroke="shift meta p" />
  </action>
  <action id="RunClass">
    <keyboard-shortcut first-keystroke="meta r" />
  </action>
  <action id="RunDashboard.Debug" />
  <action id="RunToCursor">
    <mouse-shortcut keystroke="Force touch" />
  </action>
  <action id="Runner.CloseAllUnpinnedViews">
    <keyboard-shortcut first-keystroke="ctrl meta alt w" />
  </action>
  <action id="SearchEverywhere.NextTab">
    <keyboard-shortcut first-keystroke="tab" />
    <keyboard-shortcut first-keystroke="meta close_bracket" />
  </action>
  <action id="SearchEverywhere.PrevTab">
    <keyboard-shortcut first-keystroke="shift tab" />
    <keyboard-shortcut first-keystroke="meta open_bracket" />
  </action>
  <action id="SelectAllOccurrences">
    <keyboard-shortcut first-keystroke="shift meta l" />
  </action>
  <action id="SelectIn" />
  <action id="SelectNextOccurrence">
    <keyboard-shortcut first-keystroke="meta d" />
  </action>
  <action id="SendEOF" />
  <action id="ShelveChanges.UnshelveWithDialog" />
  <action id="ShelvedChanges.Rename">
    <keyboard-shortcut first-keystroke="f2" />
  </action>
  <action id="ShowBookmarks" />
  <action id="ShowColorPicker">
    <keyboard-shortcut first-keystroke="shift alt c" />
  </action>
  <action id="ShowErrorDescription">
    <keyboard-shortcut first-keystroke="ctrl meta alt e" />
  </action>
  <action id="ShowIntentionActions">
    <keyboard-shortcut first-keystroke="meta period" />
  </action>
  <action id="ShowNavBar">
    <keyboard-shortcut first-keystroke="meta up" />
  </action>
  <action id="ShowPopupMenu">
    <keyboard-shortcut first-keystroke="meta m" />
  </action>
  <action id="ShowProjectStructureSettings">
    <keyboard-shortcut first-keystroke="shift f2" />
  </action>
  <action id="ShowRecentTests" />
  <action id="ShowReformatFileDialog" />
  <action id="ShowSettingsAndFindUsages" />
  <action id="ShowTypeBookmarks" />
  <action id="ShowUsages" />
  <action id="SmartStepInto" />
  <action id="SmartTypeCompletion">
    <keyboard-shortcut first-keystroke="alt enter" />
  </action>
  <action id="StepInto">
    <keyboard-shortcut first-keystroke="alt l" />
  </action>
  <action id="StepOut">
    <keyboard-shortcut first-keystroke="alt h" />
  </action>
  <action id="StepOver">
    <keyboard-shortcut first-keystroke="alt j" />
  </action>
  <action id="Stop">
    <keyboard-shortcut first-keystroke="shift meta s" />
  </action>
  <action id="StopBackgroundProcesses" />
  <action id="SurroundWith">
    <keyboard-shortcut first-keystroke="meta alt s" />
  </action>
  <action id="SurroundWithLiveTemplate">
    <keyboard-shortcut first-keystroke="alt w" />
  </action>
  <action id="SwitcherIterateItems" />
  <action id="SwitcherRecentEditedChangedToggleCheckBox" />
  <action id="Synchronize" />
  <action id="Terminal.ClearBuffer">
    <keyboard-shortcut first-keystroke="meta k" />
  </action>
  <action id="Terminal.NewTab" />
  <action id="TextSearchAction">
    <keyboard-shortcut first-keystroke="shift meta t" />
  </action>
  <action id="ToggleBookmark" />
  <action id="ToggleBookmark0" />
  <action id="ToggleBookmark1" />
  <action id="ToggleBookmark2" />
  <action id="ToggleBookmark3" />
  <action id="ToggleBookmark4" />
  <action id="ToggleBookmark5" />
  <action id="ToggleBookmark6" />
  <action id="ToggleBookmark7" />
  <action id="ToggleBookmark8" />
  <action id="ToggleBookmark9" />
  <action id="ToggleBookmarkWithMnemonic" />
  <action id="ToggleFindInSelection" />
  <action id="ToggleInlayHintsGloballyAction">
    <keyboard-shortcut first-keystroke="meta i" />
  </action>
  <action id="ToggleLineBreakpoint">
    <keyboard-shortcut first-keystroke="meta b" />
  </action>
  <action id="ToggleTemporaryLineBreakpoint" />
  <action id="Tools_External Tools">
    <keyboard-shortcut first-keystroke="meta t" />
  </action>
  <action id="UnselectPreviousOccurrence">
    <keyboard-shortcut first-keystroke="shift meta d" />
  </action>
  <action id="UpdateRunningApplication" />
  <action id="Vcs.MoveChangedLinesToChangelist" />
  <action id="Vcs.Push" />
  <action id="Vcs.ShowTabbedFileHistory">
    <keyboard-shortcut first-keystroke="shift meta y" />
  </action>
  <action id="Vcs.ToggleAmendCommitMode">
    <keyboard-shortcut first-keystroke="alt a" />
  </action>
  <action id="Vcs.UpdateProject" />
  <action id="WebOpenInAction" />
  <action id="XDebugger.AttachToProcess" />
  <action id="XDebugger.JumpToTypeSource" />
  <action id="android.deploy.ApplyChanges">
    <keyboard-shortcut first-keystroke="ctrl meta e" />
  </action>
  <action id="android.deploy.CodeSwap">
    <keyboard-shortcut first-keystroke="shift ctrl meta e" />
  </action>
  <action id="android.device.power.button" />
  <action id="android.device.sleep" />
  <action id="copilot.chat.show">
    <keyboard-shortcut first-keystroke="shift f2" />
  </action>
  <action id="copilot.disposeInlays" />
  <action id="sml.studiobot.explain">
    <keyboard-shortcut first-keystroke="shift alt e" />
  </action>
  <action id="tasks.goto">
    <keyboard-shortcut first-keystroke="meta back_slash" />
  </action>
  <action id="tasks.switch">
    <keyboard-shortcut first-keystroke="shift meta back_slash" />
  </action>
</keymap>