<keymap version="1" name="Masterpowers" parent="Mac OS X 10.5+">
  <action id="ActivateBookmarksToolWindow">
    <keyboard-shortcut first-keystroke="meta f3" />
  </action>
  <action id="ActivateBuildToolWindow">
    <keyboard-shortcut first-keystroke="alt b" />
  </action>
  <action id="ActivateCommitToolWindow">
    <keyboard-shortcut first-keystroke="meta f2" />
  </action>
  <action id="ActivateDebugToolWindow">
    <keyboard-shortcut first-keystroke="alt d" />
  </action>
  <action id="ActivateFindToolWindow">
    <keyboard-shortcut first-keystroke="alt f" />
  </action>
  <action id="ActivateGradleToolWindow">
    <keyboard-shortcut first-keystroke="meta f11" />
  </action>
  <action id="ActivateKeyPromoterXToolWindow">
    <keyboard-shortcut first-keystroke="meta f10" />
  </action>
  <action id="ActivateNotificationsToolWindow">
    <keyboard-shortcut first-keystroke="meta f12" />
  </action>
  <action id="ActivateProblemsViewToolWindow">
    <keyboard-shortcut first-keystroke="alt e" />
  </action>
  <action id="ActivateProjectToolWindow">
    <keyboard-shortcut first-keystroke="meta f1" />
  </action>
  <action id="ActivateRunToolWindow">
    <keyboard-shortcut first-keystroke="alt r" />
  </action>
  <action id="ActivateServicesToolWindow">
    <keyboard-shortcut first-keystroke="alt s" />
  </action>
  <action id="ActivateStructureToolWindow">
    <keyboard-shortcut first-keystroke="meta f4" />
  </action>
  <action id="ActivateTerminalToolWindow">
    <keyboard-shortcut first-keystroke="meta back_quote" />
  </action>
  <action id="ActivateVersionControlToolWindow">
    <keyboard-shortcut first-keystroke="alt g" />
  </action>
  <action id="Activatedocumentation.v2ToolWindow">
    <keyboard-shortcut first-keystroke="f1" />
    <keyboard-shortcut first-keystroke="meta f10" />
  </action>
  <action id="Back">
    <keyboard-shortcut first-keystroke="meta alt left" />
    <mouse-shortcut keystroke="button4" />
  </action>
  <action id="CallInlineCompletionAction" />
  <action id="ChangeSignature">
    <keyboard-shortcut first-keystroke="shift f1" />
  </action>
  <action id="ChangesView.AddUnversioned" />
  <action id="ChangesView.Rename">
    <keyboard-shortcut first-keystroke="f2" />
  </action>
  <action id="CheckinProject" />
  <action id="ClearAllNotifications">
    <keyboard-shortcut first-keystroke="shift meta f12" />
  </action>
  <action id="CollapseSelection">
    <keyboard-shortcut first-keystroke="meta back_slash" />
  </action>
  <action id="Compare.Selected">
    <keyboard-shortcut first-keystroke="shift meta r" />
  </action>
  <action id="CompareTwoFiles" />
  <action id="CompileDirty">
    <keyboard-shortcut first-keystroke="shift meta b" />
  </action>
  <action id="CopyElement" />
  <action id="DebugClass">
    <keyboard-shortcut first-keystroke="meta d" />
  </action>
  <action id="EditSource">
    <keyboard-shortcut first-keystroke="meta down" />
  </action>
  <action id="EditSourceInNewWindow" />
  <action id="EditorDuplicate" />
  <action id="EditorToggleCase" />
  <action id="ExternalJavaDoc" />
  <action id="FileChooser.TogglePathBar" />
  <action id="FileStructurePopup" />
  <action id="FindNext">
    <keyboard-shortcut first-keystroke="meta close_bracket" />
  </action>
  <action id="FindPrevious">
    <keyboard-shortcut first-keystroke="meta open_bracket" />
  </action>
  <action id="FindUsages" />
  <action id="FindUsagesInFile" />
  <action id="ForceStepInto" />
  <action id="ForceStepOver" />
  <action id="Forward">
    <keyboard-shortcut first-keystroke="meta alt right" />
    <mouse-shortcut keystroke="button5" />
  </action>
  <action id="Git.Pull">
    <keyboard-shortcut first-keystroke="shift meta p" />
  </action>
  <action id="Git.Rename.Local.Branch">
    <keyboard-shortcut first-keystroke="f2" />
  </action>
  <action id="Git.Reword.Commit">
    <keyboard-shortcut first-keystroke="f2" />
  </action>
  <action id="GoToLastTab">
    <keyboard-shortcut first-keystroke="meta 0" />
  </action>
  <action id="GoToTab1">
    <keyboard-shortcut first-keystroke="meta 1" />
  </action>
  <action id="GoToTab2">
    <keyboard-shortcut first-keystroke="meta 2" />
  </action>
  <action id="GoToTab3">
    <keyboard-shortcut first-keystroke="meta 3" />
  </action>
  <action id="GoToTab4">
    <keyboard-shortcut first-keystroke="meta 4" />
  </action>
  <action id="GoToTab5">
    <keyboard-shortcut first-keystroke="meta 5" />
  </action>
  <action id="GoToTab6">
    <keyboard-shortcut first-keystroke="meta 6" />
  </action>
  <action id="GoToTab7">
    <keyboard-shortcut first-keystroke="meta 7" />
  </action>
  <action id="GoToTab8">
    <keyboard-shortcut first-keystroke="meta 8" />
  </action>
  <action id="GoToTab9">
    <keyboard-shortcut first-keystroke="meta 9" />
  </action>
  <action id="GotoDeclaration">
    <mouse-shortcut keystroke="meta button1" />
    <mouse-shortcut keystroke="Force touch" />
    <mouse-shortcut keystroke="button2" />
  </action>
  <action id="GotoFile">
    <keyboard-shortcut first-keystroke="meta p" />
  </action>
  <action id="GotoImplementation">
    <mouse-shortcut keystroke="meta alt button1" />
  </action>
  <action id="GotoLine" />
  <action id="GotoNextError" />
  <action id="GotoPreviousError" />
  <action id="GotoSymbol">
    <keyboard-shortcut first-keystroke="meta t" />
  </action>
  <action id="GotoTest" />
  <action id="GotoTypeDeclaration">
    <mouse-shortcut keystroke="shift meta button1" />
  </action>
  <action id="HideAllWindows">
    <keyboard-shortcut first-keystroke="f12" />
  </action>
  <action id="HighlightUsagesInFile">
    <keyboard-shortcut first-keystroke="meta m" />
  </action>
  <action id="IdeaVim.ReloadVimRc.reload">
    <keyboard-shortcut first-keystroke="shift f5" />
  </action>
  <action id="InsertLiveTemplate">
    <keyboard-shortcut first-keystroke="alt space" />
  </action>
  <action id="JumpToLastWindow" />
  <action id="MinimizeCurrentWindow" />
  <action id="Move" />
  <action id="MoveLineDown">
    <keyboard-shortcut first-keystroke="shift alt down" />
    <keyboard-shortcut first-keystroke="alt j" />
  </action>
  <action id="MoveLineUp">
    <keyboard-shortcut first-keystroke="shift alt up" />
    <keyboard-shortcut first-keystroke="alt k" />
  </action>
  <action id="MoveStatementDown">
    <keyboard-shortcut first-keystroke="shift meta down" />
    <keyboard-shortcut first-keystroke="shift alt j" />
  </action>
  <action id="MoveStatementUp">
    <keyboard-shortcut first-keystroke="shift meta up" />
    <keyboard-shortcut first-keystroke="shift alt k" />
  </action>
  <action id="NextDiff">
    <keyboard-shortcut first-keystroke="shift alt close_bracket" />
  </action>
  <action id="NextTab">
    <keyboard-shortcut first-keystroke="ctrl right" />
  </action>
  <action id="NextWindow" />
  <action id="ParameterInfo" />
  <action id="Pause">
    <keyboard-shortcut first-keystroke="meta k" />
  </action>
  <action id="PreviousDiff">
    <keyboard-shortcut first-keystroke="shift f7" />
    <keyboard-shortcut first-keystroke="shift alt open_bracket" />
  </action>
  <action id="PreviousTab">
    <keyboard-shortcut first-keystroke="ctrl left" />
  </action>
  <action id="PreviousWindow" />
  <action id="QuickImplementations">
    <keyboard-shortcut first-keystroke="meta y" />
  </action>
  <action id="Refactorings.QuickListPopupAction">
    <keyboard-shortcut first-keystroke="f3" />
  </action>
  <action id="ReformatCode">
    <keyboard-shortcut first-keystroke="shift meta i" />
  </action>
  <action id="RenameElement">
    <keyboard-shortcut first-keystroke="f2" />
  </action>
  <action id="Replace">
    <keyboard-shortcut first-keystroke="f4" />
  </action>
  <action id="ReplaceInPath">
    <keyboard-shortcut first-keystroke="shift f4" />
  </action>
  <action id="Resume">
    <keyboard-shortcut first-keystroke="meta k" />
  </action>
  <action id="RunClass">
    <keyboard-shortcut first-keystroke="meta r" />
  </action>
  <action id="SelectAllOccurrences">
    <keyboard-shortcut first-keystroke="shift meta back_slash" />
  </action>
  <action id="SelectNextOccurrence">
    <keyboard-shortcut first-keystroke="shift meta close_bracket" />
  </action>
  <action id="ShelveChanges.UnshelveWithDialog" />
  <action id="ShelvedChanges.Rename">
    <keyboard-shortcut first-keystroke="f2" />
  </action>
  <action id="ShowBookmarks" />
  <action id="ShowErrorDescription">
    <keyboard-shortcut first-keystroke="ctrl meta alt e" />
  </action>
  <action id="ShowIntentionActions">
    <keyboard-shortcut first-keystroke="meta period" />
  </action>
  <action id="ShowSettingsAndFindUsages" />
  <action id="ShowTypeBookmarks" />
  <action id="ShowUsages" />
  <action id="SmartStepInto">
    <keyboard-shortcut first-keystroke="shift meta l" />
  </action>
  <action id="StepInto">
    <keyboard-shortcut first-keystroke="meta l" />
  </action>
  <action id="StepOut">
    <keyboard-shortcut first-keystroke="meta h" />
  </action>
  <action id="StepOver">
    <keyboard-shortcut first-keystroke="meta j" />
  </action>
  <action id="Stop">
    <keyboard-shortcut first-keystroke="shift meta s" />
  </action>
  <action id="SurroundWith">
    <keyboard-shortcut first-keystroke="meta alt s" />
  </action>
  <action id="ToggleBookmark" />
  <action id="ToggleBookmarkA">
    <keyboard-shortcut first-keystroke="shift ctrl a" />
  </action>
  <action id="ToggleBookmarkWithMnemonic" />
  <action id="ToggleLineBreakpoint">
    <keyboard-shortcut first-keystroke="meta b" />
  </action>
  <action id="UnselectPreviousOccurrence">
    <keyboard-shortcut first-keystroke="shift meta open_bracket" />
  </action>
  <action id="UpdateRunningApplication" />
  <action id="Vcs.ShowTabbedFileHistory">
    <keyboard-shortcut first-keystroke="shift meta y" />
  </action>
  <action id="Vcs.UpdateProject">
    <keyboard-shortcut first-keystroke="shift meta u" />
  </action>
</keymap>